{
  "$schema": "https://schema.management.azure.com/schemas/2019-04-01/deploymentTemplate.json#",
  "contentVersion": "1.0.0.0",
  "parameters": {
    "workspaceName": {
      "type": "string",
      "metadata": {
        "description": "Required. The name of the Azure Databricks workspace to create"
      }
    },
    "managedResourceGroupId": {
      "type": "string",
      "defaultValue": "",
      "metadata": {
        "description": "Optional. The managed resource group Id"
      }
    },
    "pricingTier": {
      "type": "string",
      "allowedValues": [
        "trial",
        "standard",
        "premium"
      ],
      "defaultValue": "premium",
      "metadata": {
        "description": "Optional. The pricing tier of workspace"
      }
    },
    "location": {
      "type": "string",
      "defaultValue": "[resourceGroup().location]",
      "metadata": {
        "description": "Optional. Location for all Resources."
      }
    },
    "roleAssignments": {
      "defaultValue": [
      ],
      "type": "array",
      "metadata": {
        "description": "Optional. Array of role assignment objects that contain the 'roleDefinitionIdOrName' and 'principalId' to define RBAC role assignments on this resource. In the roleDefinitionIdOrName attribute, you can provide either the display name of the role definition, or it's fully qualified ID in the following format: '/providers/Microsoft.Authorization/roleDefinitions/c2f4ef07-c644-48eb-af81-4b1b4947fb11'."
      }
    },
    "workspaceParameters": {
      "type": "object",
      "defaultValue": {},
      "metadata": {
        "description": "Optional. The workspace's custom parameters."
      }
    },
    "diagnosticSettingName": {
      "type": "string",
      "defaultValue": "service",
      "metadata": {
        "description": "Optional. The name of the Diagnostic setting."
      }
    },
    "diagnosticLogsRetentionInDays": {
      "type": "int",
      "defaultValue": 365,
      "minValue": 0,
      "maxValue": 365,
      "metadata": {
        "description": "Optional. Specifies the number of days that logs will be kept for; a value of 0 will retain data indefinitely."
      }
    },
    "diagnosticStorageAccountId": {
      "type": "string",
      "defaultValue": "",
      "metadata": {
        "description": "Optional. Resource identifier of the Diagnostic Storage Account."
      }
    },
    "workspaceId": {
      "type": "string",
      "defaultValue": "",
      "metadata": {
        "description": "Optional. Resource identifier of Log Analytics."
      }
    },
    "eventHubAuthorizationRuleId": {
      "type": "string",
      "defaultValue": "",
      "metadata": {
        "description": "Optional. Resource ID of the event hub authorization rule for the Event Hubs namespace in which the event hub should be created or streamed to."
      }
    },
    "eventHubName": {
      "type": "string",
      "defaultValue": "",
      "metadata": {
        "description": "Optional. Name of the event hub within the namespace to which logs are streamed. Without this, an event hub is created for each log category."
      }
    },
    "lockForDeletion": {
      "type": "bool",
      "defaultValue": false,
      "metadata": {
        "description": "Optional. Switch to lock Key Vault from deletion."
      }
    },
    "tags": {
      "type": "object",
      "defaultValue": {
      },
      "metadata": {
        "description": "Optional. Tags of the resource."
      }
    },
    "cuaId": {
      "type": "string",
      "defaultValue": "",
      "metadata": {
        "description": "Optional. Customer Usage Attribution id (GUID). This GUID must be previously registered"
      }
    }
  },
  "variables": {
    "diagnosticsMetrics": [],
    "diagnosticsLogs": [
      {
        "category": "dbfs",
        "enabled": true,
        "retentionPolicy": {
          "enabled": true,
          "days": "[parameters('diagnosticLogsRetentionInDays')]"
        }
      },
      {
        "category": "clusters",
        "enabled": true,
        "retentionPolicy": {
          "enabled": true,
          "days": "[parameters('diagnosticLogsRetentionInDays')]"
        }
      },
      {
        "category": "accounts",
        "enabled": true,
        "retentionPolicy": {
          "enabled": true,
          "days": "[parameters('diagnosticLogsRetentionInDays')]"
        }
      },
      {
        "category": "jobs",
        "enabled": true,
        "retentionPolicy": {
          "enabled": true,
          "days": "[parameters('diagnosticLogsRetentionInDays')]"
        }
      },
      {
        "category": "notebook",
        "enabled": true,
        "retentionPolicy": {
          "enabled": true,
          "days": "[parameters('diagnosticLogsRetentionInDays')]"
        }
      },
      {
        "category": "ssh",
        "enabled": true,
        "retentionPolicy": {
          "enabled": true,
          "days": "[parameters('diagnosticLogsRetentionInDays')]"
        }
      },
      {
        "category": "workspace",
        "enabled": true,
        "retentionPolicy": {
          "enabled": true,
          "days": "[parameters('diagnosticLogsRetentionInDays')]"
        }
      },
      {
        "category": "secrets",
        "enabled": true,
        "retentionPolicy": {
          "enabled": true,
          "days": "[parameters('diagnosticLogsRetentionInDays')]"
        }
      },
      {
        "category": "sqlPermissions",
        "enabled": true,
        "retentionPolicy": {
          "enabled": true,
          "days": "[parameters('diagnosticLogsRetentionInDays')]"
        }
      },
      {
        "category": "instancePools",
        "enabled": true,
        "retentionPolicy": {
          "enabled": true,
          "days": "[parameters('diagnosticLogsRetentionInDays')]"
        }
      }
    ],
    "managedResourceGroupName": "[concat(parameters('workspaceName'),'-','rg')]",
    "managedResourceGroupId": "[concat(subscription().id, '/resourceGroups/', variables('managedResourceGroupName'))]",
    "builtInRoleNames": {
      "Azure Service Deploy Release Management Contributor": "/providers/Microsoft.Authorization/roleDefinitions/21d96096-b162-414a-8302-d8354f9d91b2",
      "Contributor": "/providers/Microsoft.Authorization/roleDefinitions/b24988ac-6180-42a0-ab88-20f7382dd24c",
      "Log Analytics Contributor": "/providers/Microsoft.Authorization/roleDefinitions/92aaf0da-9dab-42b6-94a3-d43ce8d16293",
      "Log Analytics Reader": "/providers/Microsoft.Authorization/roleDefinitions/73c42c96-874c-492b-b04d-ab87d138a893",
      "Managed Application Contributor Role": "/providers/Microsoft.Authorization/roleDefinitions/641177b8-a67a-45b9-a033-47bc880bb21e",
      "Managed Application Operator Role": "/providers/Microsoft.Authorization/roleDefinitions/c7393b34-138c-406f-901b-d8cf2b17e6ae",
      "Managed Applications Reader": "/providers/Microsoft.Authorization/roleDefinitions/b9331d33-8a36-4f8c-b097-4f54124fdb44",
      "masterreader": "/providers/Microsoft.Authorization/roleDefinitions/a48d7796-14b4-4889-afef-fbb65a93e5a2",
      "Monitoring Contributor": "/providers/Microsoft.Authorization/roleDefinitions/749f88d5-cbae-40b8-bcfc-e573ddc772fa",
      "Monitoring Metrics Publisher": "/providers/Microsoft.Authorization/roleDefinitions/3913510d-42f4-4e42-8a64-420c390055eb",
      "Monitoring Reader": "/providers/Microsoft.Authorization/roleDefinitions/43d0d8ad-25c7-4714-9337-8ba259a9fe05",
      "Owner": "/providers/Microsoft.Authorization/roleDefinitions/8e3af657-a8ff-443c-a75c-2fe8c4bcb635",
      "Reader": "/providers/Microsoft.Authorization/roleDefinitions/acdd72a7-3385-48ef-bd42-f606fba81ae7",
      "Resource Policy Contributor": "/providers/Microsoft.Authorization/roleDefinitions/36243c78-bf99-498c-9df9-86d9f8d28608",
      "User Access Administrator": "/providers/Microsoft.Authorization/roleDefinitions/18d7d88d-d35e-4fb5-a5c3-7773c20a72d9"
    }
  },
  "resources": [
    {
      "condition": "[not(empty(parameters('cuaId')))]",
      "type": "Microsoft.Resources/deployments",
      "apiVersion": "2020-06-01",
      "name": "[concat('pid-', parameters('cuaId'))]",
      "properties": {
        "mode": "Incremental",
        "template": {
          "$schema": "https://schema.management.azure.com/schemas/2019-04-01/deploymentTemplate.json#",
          "contentVersion": "1.0.0.0",
          "resources": [
          ]
        }
      }
    },
    {
      "type": "Microsoft.Databricks/workspaces",
      "apiVersion": "2018-04-01",
      "name": "[parameters('workspaceName')]",
      "location": "[parameters('location')]",
      "tags": "[parameters('tags')]",
      "sku": {
        "name": "[parameters('pricingTier')]"
      },
      "properties": {
        "ManagedResourceGroupId": "[if(empty(parameters('managedResourceGroupId')), variables('managedResourceGroupId'), parameters('managedResourceGroupId'))]",
        "parameters": "[parameters('workspaceParameters')]"
      },
      "resources": [
        {
          "type": "providers/locks",
          "apiVersion": "2016-09-01",
          "condition": "[parameters('lockForDeletion')]",
          "name": "Microsoft.Authorization/databrickDoNotDelete",
          "dependsOn": [
            "[concat('Microsoft.Databricks/workspaces/', parameters('workspaceName'))]"
          ],
          "comments": "Resource lock",
          "properties": {
            "level": "CannotDelete"
          }
        },
        {
          "type": "Microsoft.Databricks/workspaces/providers/diagnosticsettings",
          "apiVersion": "2017-05-01-preview",
          "name": "[concat(parameters('workspaceName'), '/Microsoft.Insights/', parameters('diagnosticSettingName'))]",
          "condition": "[or(not(empty(parameters('diagnosticStorageAccountId'))),not(empty(parameters('workspaceId'))),not(empty(parameters('eventHubAuthorizationRuleId'))),not(empty(parameters('eventHubName'))))]",
          "dependsOn": [
            "[concat('Microsoft.Databricks/workspaces/', parameters('workspaceName'))]"
          ],
          "properties": {
            "storageAccountId": "[if(empty(parameters('diagnosticStorageAccountId')), json('null'), parameters('diagnosticStorageAccountId'))]",
            "workspaceId": "[if(empty(parameters('workspaceId')), json('null'), parameters('workspaceId'))]",
            "eventHubAuthorizationRuleId": "[if(empty(parameters('eventHubAuthorizationRuleId')), json('null'), parameters('eventHubAuthorizationRuleId'))]",
            "eventHubName": "[if(empty(parameters('eventHubName')), json('null'), parameters('eventHubName'))]",
            "metrics": "[if(and(empty(parameters('diagnosticStorageAccountId')), empty(parameters('workspaceId')), empty(parameters('eventHubAuthorizationRuleId')), empty(parameters('eventHubName'))), json('null'), variables('diagnosticsMetrics'))]",
            "logs": "[if(and(empty(parameters('diagnosticStorageAccountId')), empty(parameters('workspaceId')), empty(parameters('eventHubAuthorizationRuleId')), empty(parameters('eventHubName'))), json('null'), variables('diagnosticsLogs'))]"
          }
        }
      ]
    },
    {
      "type": "Microsoft.Resources/deployments",
      "apiVersion": "2020-06-01",
      "name": "[concat(uniqueString(deployment().name, parameters('location')), '-Databricks-Workspace-Rbac-', copyIndex())]",
      "condition": "[not(empty(parameters('roleAssignments')))]",
      "dependsOn": [
        "[parameters('workspaceName')]"
      ],
      "copy": {
        "name": "databricksRbacDeplCopy",
        "count": "[length(parameters('roleAssignments'))]"
      },
      "properties": {
        "mode": "Incremental",
        "expressionEvaluationOptions": {
          "scope": "inner"
        },
        "parameters": {
          "roleAssignment": {
            "value": "[parameters('roleAssignments')[copyIndex()]]"
          },
          "builtInRoleNames": {
            "value": "[variables('builtInRoleNames')]"
          },
          "databricksWorkspaceName": {
            "value": "[parameters('workspaceName')]"
          }
        },
        "template": {
          "$schema": "https://schema.management.azure.com/schemas/2019-04-01/deploymentTemplate.json#",
          "contentVersion": "1.0.0.0",
          "parameters": {
            "roleAssignment": {
              "type": "object"
            },
            "builtInRoleNames": {
              "type": "object"
            },
            "databricksWorkspaceName": {
              "type": "string"
            }
          },
          "resources": [
            {
              "type": "Microsoft.Databricks/workspaces/providers/roleAssignments",
              "apiVersion": "2020-04-01-preview",
              "name": "[concat(parameters('databricksWorkspaceName'), '/Microsoft.Authorization/', guid(parameters('databricksWorkspaceName'), array(parameters('roleAssignment').principalIds)[copyIndex('databricksInnerRbacCopy')], parameters('roleAssignment').roleDefinitionIdOrName ))]",
              "dependsOn": [
              ],
              "copy": {
                "name": "databricksInnerRbacCopy",
                "count": "[length(parameters('roleAssignment').principalIds)]"
              },
              "properties": {
                "roleDefinitionId": "[if(contains(parameters('builtInRoleNames'), parameters('roleAssignment').roleDefinitionIdOrName ), parameters('builtInRoleNames')[parameters('roleAssignment').roleDefinitionIdOrName] , parameters('roleAssignment').roleDefinitionIdOrName )]",
                "principalId": "[array(parameters('roleAssignment').principalIds)[copyIndex()]]"
              }
            }
          ]
        }
      }
    }
  ],
  "functions": [
  ],
  "outputs": {
    "databrickName": {
      "type": "string",
      "value": "[parameters('workspaceName')]",
      "metadata": {
        "description": "The Name of the Azure Databricks"
      }
    },
    "databrickResourceId": {
      "type": "string",
      "value": "[resourceId('Microsoft.Databricks/workspaces',parameters('workspaceName'))]",
      "metadata": {
        "description": "The Resource Id of the Azure Databricks"
      }
    },
    "databrickResourceGroup": {
      "type": "string",
      "value": "[resourceGroup().name]",
      "metadata": {
        "description": "The name of the Resource Group with the Azure Databricks"
      }
    }
  }
}
