{
	"$schema": "https://schema.management.azure.com/schemas/2019-04-01/deploymentParameters.json#",
	"contentVersion": "1.0.0.0",
	"parameters": {
		"storageAccountName": {
			"value": "dsipstorageaccount01v"
		},
		"storageAccountKind": {
			"value": "StorageV2"
		},
		"storageAccountSku": {
			"value": "Standard_ZRS"
		},
		"storageAccountAccessTier": {
			"value": "Hot"
		},
		"vNetId": {
			"value": ""
		},
		"privateEndpoints": {
			"value": []
		},
		"networkAcls": {
			"value": {
				"bypass": "AzureServices",
				"defaultAction": "Allow",
				"virtualNetworkRules": "",
				"ipRules": ""
			}
		},
		"blobContainers": {
			"value": [
				{
					"name": "raw",
					"publicAccess": "None",
					"roleAssignments": []
				},
				{

					"name": "curated",
					"publicAccess": "None",
					"roleAssignments": []
				},
				{
					"name": "working",
					"publicAccess": "None",
					"roleAssignments": []
				},
				{
					"name": "sandbox",
					"publicAccess": "None",
					"roleAssignments": []
				}
			]
		},
		"deleteRetentionPolicy": {
			"value": false
		},
		"deleteRetentionPolicyDays": {
			"value": 7
		},
		"automaticSnapshotPolicyEnabled": {
			"value": false
		},
		"allowBlobPublicAccess": {
			"value": true
		},
		"enableArchiveAndDelete": {
			"value": false
		},
		"enableHierarchicalNamespace": {
			"value": true
		},
		"moveToArchiveAfter": {
			"value": 30
		},
		"deleteBlobsAfter": {
			"value": 1096
		},
		"lockForDeletion": {
			"value": false
		},
		"cuaId": {
			"value": ""
		}
	}
}