{
	"$schema": "https://schema.management.azure.com/schemas/2019-04-01/deploymentParameters.json#",
	"contentVersion": "1.0.0.0",
	"parameters": {
		"LogicAppName": {
			"value": "DsipIngestionServicev"
		},
		"connections_sql_name": {
           "value": "DsipIngestionServicev-sql-api"
        },
        "SqlServerName": {
            "value": "dsipasqldb01v.database.windows.net"
        },
        "DatabaseName": {
            "value": "MetadataControl"
        },
        "DataFactoryName": {
            "value": "dsipadf01v"
        },
        "PipelineReferenceName": {
            "value": "PL_IngestFromStaging_lp8_TopLevel"
        },
        "ResourceGroupName": {
            "value": "DSIP-CodeVerification"
        },
        "SubscriptionId": {
            "value": "c6824e16-9a58-4d53-ba3a-5960e0c066f2"
        }
	}
}