{
    "$schema": "https://schema.management.azure.com/schemas/2019-04-01/deploymentTemplate.json#",
    "contentVersion": "1.0.0.0",
    "parameters": {
        "EventGridTopicName": {
            "defaultValue": "Event-Grid-Topic1",
            "type": "String"
        }
    },
    "variables": {},
    "resources": [
        {
            "type": "Microsoft.EventGrid/topics",
            "apiVersion": "2021-06-01-preview",
            "name": "[parameters('EventGridTopicName')]",
            "location": "[resourceGroup().location]",
            "sku": {
                "name": "Basic"
            },
            "kind": "Azure",
            "identity": {
                "type": "SystemAssigned"
            },
            "properties": {
                "inputSchema": "EventGridSchema",
                "publicNetworkAccess": "Enabled"
            }
        }
    ]
}